<?xml version="1.0" encoding="ISO-8859-1" standalone="yes"?>
<app version="1">
	<name>Nintendont</name>
	<coder>crediar</coder>
	<version>2.201</version>
	<release_date>20141101173516</release_date>
	<short_description>Gamecube Loader</short_description>
	<long_description>Commiters: JoostinOnline, Greyrogue, Howard, Cyan, Fix94 

 Project website: https://nintendon-t.googlecode.com/ 

Nintendont allows you to run GameCube games on a Wii or Wii U from an SD or HDD device.</long_description>
	<ahb_access/>
</app>